,CP1,CP2,CP3
0,-2.943799502853393,0.13277977500100177,0.27157084282634514
1,-2.395665376669861,-0.1760252415842659,0.008026776508462948
2,-2.6267112204826537,0.03712014360609018,0.023798287540491417
3,-1.9278126321542248,-0.26435712102123227,-0.08459683882125561
4,-1.5789539410307858,-0.3413833030471662,-0.09567441435084788
5,-1.2787205056319257,0.6335855053296658,-0.06202510474846159
6,1.3207037740113505,0.11202040629970939,0.016103212481439467
7,1.9066666855411154,-0.09414828743521778,0.032896519552012116
8,1.827859793292065,0.15914351631228432,-0.030265979311523177
9,2.630389383284452,-0.13332650842481497,0.05595098006775905
10,2.631321758154817,0.10832749105421298,-0.06797731457874367
11,3.261713946172829,-0.1200373392288382,0.16264110430728074
12,-0.6563524572989534,0.0018636220600317585,-0.013827786756448402
13,-0.3008447865412056,-0.06487213677226657,-0.024382956305128396
14,-0.05162381294781373,-0.026008901518533495,0.0907727135594242
15,0.1818288951541894,0.035318379369339035,-0.28301004197080587
