metodo,k,silhouette,k_real
ward,2,0.6260729274520908,2
ward,3,0.5743751784225084,3
ward,4,0.5447048895506217,4
ward,5,0.5029456650537698,5
ward,6,0.5046306914377015,6
ward,7,0.4557934407331877,7
ward,8,0.35724335332015195,8
ward,9,0.3180215701428158,9
ward,10,0.25807041951916404,10
average,2,0.6260729274520908,2
average,3,0.582774053448374,3
average,4,0.4923974423046372,4
average,5,0.4713515648024222,5
average,6,0.5046306914377015,6
average,7,0.4557934407331877,7
average,8,0.36396422606645745,8
average,9,0.3278189740711196,9
average,10,0.26712005005763034,10
complete,2,0.6260729274520908,2
complete,3,0.5743751784225084,3
complete,4,0.5447048895506217,4
complete,5,0.5029456650537698,5
complete,6,0.5046306914377015,6
complete,7,0.4038944297582653,7
complete,8,0.35724335332015195,8
complete,9,0.2972922026965002,9
complete,10,0.25807041951916404,10
single,2,0.6260729274520908,2
single,3,0.582774053448374,3
single,4,0.4923974423046372,4
single,5,0.4713515648024222,5
single,6,0.42251431409790846,6
single,7,0.37529957935853675,7
single,8,0.408578705993816,8
single,9,0.3278189740711196,9
single,10,0.26712005005763034,10
