nodo_izquierdo,nodo_derecho,distancia,cantidad
13.0,14.0,0.29304600703920364,2.0
9.0,10.0,0.3117328865854514,2.0
7.0,8.0,0.3479390792804083,2.0
3.0,4.0,0.3578265968009632,2.0
1.0,2.0,0.3868752562527039,2.0
12.0,16.0,0.4927589092940179,3.0
0.0,20.0,0.5592942507891845,3.0
6.0,18.0,0.5768818483439473,3.0
15.0,21.0,0.6302365128404186,4.0
11.0,17.0,0.6791591461529218,3.0
19.0,22.0,0.9831755367475785,5.0
23.0,25.0,1.1875534422620384,6.0
5.0,24.0,1.2895255389485145,5.0
26.0,28.0,1.9636536450861564,10.0
27.0,29.0,3.6397369297781927,16.0
