,edad,ingresos,visitas,satisfaccion
0,-1.490115415626895,-1.3669082681656184,-1.3158994828371642,-1.7142194936883242
1,-1.3074192727147853,-1.2866494340714902,-1.1209514113057324,-1.0763703797577853
2,-1.2160712012587305,-1.3267788511185543,-1.3158994828371642,-1.3952949367230547
3,-1.0333750583466208,-1.1395082382322554,-0.9260033397743007,-0.7574458227925158
4,-0.850678915434511,-1.0324964594400847,-0.7310552682428689,-0.5448294514823359
5,-0.6679827725224012,-0.09614339500859088,-0.9260033397743007,-0.8637540084476053
6,0.6108902278623669,0.7733273076777963,0.6335812324771531,0.6245605907236534
7,0.7935863707744767,0.9472214482150737,1.0234773755400166,1.0497933333440133
8,0.9762825136865865,1.0141038099601805,0.8285293040085848,0.8371769620338325
9,1.250326728054751,1.228127367544522,1.41337351860288,1.3687178903092818
10,1.4330228709668609,1.348515618685714,1.2184254470714484,1.2624097046541924
11,1.6157190138789705,1.5224097592229915,1.8032696616657435,1.5813342616194628
12,-0.3025904866981818,-0.33691989729097505,-0.3411591251800055,-0.3322130801721559
13,-0.11989434378607201,-0.21653164614978296,-0.14621105364857379,-0.11959670886197593
14,0.06280179912603773,-0.09614339500859088,0.04873701788285793,-0.11959670886197593
15,0.24549794203814745,0.06437427317966521,-0.14621105364857379,0.19932784810329354
